0.0,-1.6756715158237463,2.958520115638406
-1.7311931443285862,0.6306292396449399,-1.5004711702702183
-1.7277616415648032,-1.279237776625242,1.4343704386251477
-1.72433013880102,-1.253811583111226,-0.746768638306666
-1.720898636037237,-0.039011249890624086,1.5328629130513822
-1.7174671332734537,-1.1777330779065383,1.3726194678600312
-1.7140356305096707,-0.1456608257314719,-0.7800027027209789
-1.7106041277458874,1.1334181735389628,0.28229921371487976
-1.7071726249821044,1.4125525655077045,0.5479807424698723
-1.7037411222183212,0.728601511112356,0.1812996484792821
-1.700309619454538,0.04403534554219361,1.1380185488912706
-1.696878116690755,-0.24912231489148037,1.080561992206629
-1.6934466139269717,0.3680136831261924,0.13356162438835284
-1.6900151111631887,0.10599049058175575,1.1772582893826966
-1.6865836083994055,0.2816063832254592,-0.48362044341320704
-1.6831521056356225,0.5376503227549778,0.7079802532132446
-1.6797206028718392,-1.4806073555720585,1.0179490577665675
-1.6762891001080562,0.925452698823825,-0.9879393345285354
-1.672857597344273,1.1128107507828837,-1.2310736162682299
-1.66942609458049,1.5750425196833056,1.4667987303807988
-1.6659945918167067,0.9245009852785138,-0.5662121454513622
-1.6625630890529237,-1.0641328158357206,-0.266310000934932
-1.6591315862891405,-1.3913737136006796,0.11923324671076134
-1.6557000835253575,-0.5703752643413968,0.8138860544863563
-1.6522685807615742,-0.9927273850569116,0.3587065202109155
-1.6488370779977912,0.6150088741728695,0.28759782501190073
-1.645405575234008,-0.7429644765855646,-0.6196104661627925
-1.641974072470225,-1.3482934054131015,0.13542354030011186
-1.6385425697064417,-1.1010086197727482,0.5691643127468295
-1.6351110669426587,0.7327533077192059,0.7453331600729782
-1.6316795641788755,-0.1487701351796527,-1.0400624984355034
-1.6282480614150925,0.8713498450458806,1.0131073905953951
-1.6248165586513093,0.8881369661982856,0.39203039854732136
-1.6213850558875262,0.3396319074959835,1.1140708971553908
-1.617953553123743,-0.612099693376514,-1.3192125739003122
-1.61452205035996,-0.8065235129036076,-0.8526469002138759
-1.6110905475961768,-0.7540498109742657,1.214650901085974
-1.6076590448323937,-1.1915161956426337,-1.0929624141906344
-1.6042275420686105,-1.4269170532403996,-0.6562087601168758
-1.6007960393048275,0.9253097148523439,1.2252566497761537
-1.5973645365410443,-0.2517260759320289,0.9143526912087144
-1.5939330337772613,-1.1975495113185446,-0.13639713581269045
-1.590501531013478,-1.0303200046520384,0.6086583853683751
-1.587070028249695,-1.232162905954718,-0.4825242460937791
-1.5836385254859118,-1.579384976423837,1.0919632060345517
-1.5802070227221288,-0.8993720508341128,-0.8350679797857183
-1.5767755199583455,-0.7664065928747148,-0.7814793694486358
-1.5733440171945625,-1.1360620012831428,-1.4390059151029424
-1.5699125144307793,0.0015452795960983394,-1.3070331420298569
-1.5664810116669963,0.7118734647345077,1.4194728616150716
-1.563049508903213,-0.35705165444410486,-0.9726084973055373
-1.55961800613943,0.6505824162901718,1.4151132648424516
-1.5561865033756468,0.21386653597993552,-0.4316575806503836
-1.5527550006118638,-0.43912677732196675,-0.19006182199744692
-1.5493234978480805,-0.5731006623861582,0.4920418355737959
-1.5458919950842975,1.0659712916722306,1.2364709376087657
-1.5424604923205143,-0.6175766201012483,0.11991566563253532
-1.5390289895567313,1.5464693383720378,-1.0425561235651895
-1.535597486792948,-0.8450266015619394,-0.25960709459040265
-1.532165984029165,-0.8462056335818515,0.8418213843442219
-1.5287344812653818,-0.11579676612992848,0.8110026193950008
-1.5253029785015988,1.4208796227420968,-0.7900645186061496
-1.5218714757378156,0.2574495423797199,0.48171211446078993
-1.5184399729740325,0.3467781460215804,0.5631629880678509
-1.5150084702102493,-0.025141678507171562,0.973160497301911
-1.5115769674464663,0.7976288478906434,0.5796906275332229
-1.508145464682683,-1.6040594400637487,1.1711518391192475
-1.5047139619189,-1.3782156194475186,-1.4823013104399352
-1.5012824591551168,-1.0951232151100636,0.7695984406858181
-1.4978509563913338,0.24394552920075632,-0.2954832697307789
-1.4944194536275506,-0.987736068855774,-0.9225175927449057
-1.4909879508637676,-1.1634274903796906,1.5821913451646297
-1.4875564480999843,0.85023029507853,-0.9188128830574877
-1.4841249453362013,-0.987414213982266,0.29363074436097525
-1.480693442572418,-0.9800917172950803,-0.7564316997583521
-1.477261939808635,1.5582049950266126,0.7887147243812692
-1.4738304370448518,-1.4111556167289905,-0.5684463425813732
-1.4703989342810688,-1.3188988694407509,-1.5221234774154004
-1.4669674315172856,0.9695593098517346,-0.014806906644212131
-1.4635359287535026,-0.9442218149935029,0.802050082657083
-1.4601044259897193,1.3984881129131763,1.0959317157964041
-1.4566729232259363,-0.21528978088283438,1.0368890931969297
-1.453241420462153,-1.5845858959482186,-1.303707371141513
-1.44980991769837,0.2713842566610666,0.5000525387276827
-1.4463784149345869,1.0385538025500174,0.18275952253182862
-1.4429469121708038,-0.20703298192265757,-0.5614714831295367
-1.4395154094070206,-0.584424154530312,-0.27695680171774595
-1.4360839066432376,1.5113336563801392,-0.22612026221504816
-1.4326524038794544,-1.4237664120203497,-1.5333959726276098
-1.4292209011156713,0.46794164592363546,0.11307219760289149
-1.4257893983518881,0.7797795845733366,0.8821067147016357
-1.422357895588105,-0.35196583270591314,0.13857852187507086
-1.4189263928243219,-1.1824416382295972,0.2004187339106282
-1.4154948900605389,-0.3356429737848114,0.8944836310439193
-1.4120633872967556,-0.6079798187288571,-0.5759978626950822
-1.4086318845329726,-1.1355351452845315,-1.093102275928027
-1.4052003817691894,0.2018395408725745,0.00425852674359775
-1.4017688790054064,-1.4867961825964198,-1.1459057231597929
-1.3983373762416231,-1.0208185077147165,1.2753393973514495
-1.39490587347784,1.1871529861339156,-1.0125987761450463
-1.3914743707140569,0.8628354954655704,-1.1364781446407555
-1.3880428679502737,0.2825365779059938,-0.9282669290937641
-1.3846113651864906,0.6307383282567652,1.2207914961939599
-1.3811798624227074,1.0912746509384865,-0.8303680414132276
-1.3777483596589244,0.11112287223282505,0.9321441461222894
-1.3743168568951412,-1.213401678013749,1.4246115638650563
-1.3708853541313581,0.19751792320783984,-0.7473991888297937
-1.367453851367575,0.20740937601993503,0.45653706897477003
-1.364022348603792,-0.4965368047778424,-0.9760632811848885
-1.3605908458400087,-1.3693631016425647,-0.32236176763852237
-1.3571593430762257,-1.3574563918236469,-1.484678843971302
-1.3537278403124424,-0.7504262394099253,-0.7282448007359111
-1.3502963375486594,0.3765201658785161,0.7182919523511431
-1.3468648347848762,1.1865436244058623,-0.9488793849184871
-1.3434333320210932,1.4101043000420312,-0.10381592974796196
-1.34000182925731,0.7371517260853558,0.7926708915594946
-1.336570326493527,1.2029965467252823,-0.5250305863702998
-1.3331388237297437,-1.4868885018525904,0.9206357694992647
-1.3297073209659607,0.33547675202701077,-1.416271033199054
-1.3262758182021774,-1.0223510141573608,-0.6507643497867264
-1.3228443154383944,-1.4441793900986797,0.967868574696549
-1.3194128126746112,0.7475158198712032,-0.042467362856612616
-1.3159813099108282,-0.9901379412213525,-0.890601424895063
-1.312549807147045,-0.5692281471655507,-0.9218688790490841
-1.309118304383262,-1.464011306987919,0.3872030508784481
-1.3056868016194787,0.3933490725621645,-0.5344074888729883
-1.3022552988556957,1.529155975372933,-0.4574199658312564
-1.2988237960919125,-1.291307642028907,1.103688847553097
-1.2953922933281294,-0.4431607743832792,-0.8431804171551432
-1.2919607905643462,-0.7729735391771809,0.6877812998124567
-1.2885292878005632,-1.4610218519916753,-0.6623288128705671
-1.28509778503678,-1.2558528429236389,-0.3026692723103832
-1.281666282272997,-0.07100878045991209,-1.1203296693293945
-1.2782347795092137,-0.6673932630120084,1.4957523073368106
-1.2748032767454307,-0.6295325009372664,-1.3265998281522782
-1.2713717739816475,1.2038982353350651,0.3298718834793548
-1.2679402712178645,0.3010390378996786,-0.6984862197579551
-1.2645087684540812,0.8555752340909129,-1.2164026562372205
-1.2610772656902982,0.029926235289240932,-0.04188794425091324
-1.257645762926515,-0.33849577489936017,-1.2541442106016805
-1.254214260162732,1.0661758469417233,-0.3411034304516556
-1.2507827573989487,-0.6312407436630735,-0.5467943342777241
-1.2473512546351657,0.031205061206139986,-1.0755763783263146
-1.2439197518713825,-0.022745040915196465,0.3634009406829975
-1.2404882491075995,-1.4724740235517741,-0.25144883115728134
-1.2370567463438162,0.1241195433868058,-1.5708177974100153
-1.2336252435800332,-0.6876517299754538,1.5327905227280707
-1.23019374081625,-1.3067502034715492,0.2536166643430363
-1.226762238052467,1.579690855144306,-0.18577307715081187
-1.2233307352886837,0.4324817917635106,-0.7019885459196941
-1.2198992325249007,0.7967672619397935,0.04316785216592254
-1.2164677297611175,1.2413026553632358,0.9939615580147035
-1.2130362269973345,1.2923545985147877,-1.3792332192431653
-1.2096047242335513,-1.222872837152977,-1.2278937014163052
-1.2061732214697682,-0.9508277177227406,-1.3589675314572784
-1.202741718705985,1.4315404861850174,-1.1313486601135696
-1.199310215942202,0.6498836541191702,0.47488647379027177
-1.1958787131784188,-1.149843643932464,-1.5008290262007495
-1.1924472104146357,1.0790433805229696,-0.4584860602653741
-1.1890157076508525,-0.3607032288106691,0.5163200923600322
-1.1855842048870695,0.5982896988803158,-1.1560206914990847
-1.1821527021232863,-0.4672761638874005,0.6668700359451682
-1.1787211993595033,0.4609349179225591,-0.9004688445125357
-1.17528969659572,-0.14626289168740908,0.15957201837714935
-1.171858193831937,0.9740326717438593,0.9130790095584259
-1.1684266910681538,0.3067896563269669,-1.504180750802031
-1.1649951883043708,-1.23964252532537,1.4526263833181332
-1.1615636855405875,0.3012431198661996,-1.4821131525147215
-1.1581321827768045,-1.226775324479318,1.4013348449950265
-1.1547006800130213,-0.20031233492493117,1.0931192498204667
-1.1512691772492383,0.5280012511517539,-1.126410429204191
-1.147837674485455,-1.179530548723371,-1.2482635526611792
-1.144406171721672,-0.7228658903934638,-0.18572759128664182
-1.1409746689578888,-1.6702758257451704,-0.9969963717654026
-1.1375431661941058,1.0856781529549266,0.6327348410763416
-1.1341116634303225,0.46146876210004945,1.4987582301655806
-1.1306801606665395,0.960801218697294,-0.3891639173995111
-1.1272486579027563,-0.4796040979271675,1.339417817557689
-1.1238171551389733,-0.47832515598384456,-0.5834486658395907
-1.12038565237519,0.2202262485412232,0.04647861130341808
-1.116954149611407,0.8538915540358366,0.34287179401516205
-1.1135226468476238,-0.12027101353878755,-1.1090013990878738
-1.1100911440838408,-1.2001755313522255,0.09167270319429703
-1.1066596413200576,1.3323523582351176,0.02293913540782166
-1.1032281385562746,-0.5922472600621049,0.054612959533771016
-1.0997966357924913,-1.4579189969358208,0.8603138101799038
-1.0963651330287083,0.6629164733672471,-0.5261466714101516
-1.092933630264925,1.3820444622305836,1.5355495470679745
-1.089502127501142,-0.8503819885782646,1.1491378553947118
-1.0860706247373588,-0.5821261262091394,0.9536573022937497
-1.0826391219735756,0.11216142554754073,0.9293457932612521
-1.0792076192097926,0.0039855793691427124,-1.0433952208959933
-1.0757761164460093,-0.9176689550534245,1.0684409227616272
-1.0723446136822263,-1.1448887156951226,-0.14849293305696104
-1.068913110918443,-1.1899787721872113,1.162834250496732
-1.06548160815466,-0.9316572139438678,-0.8770682711209635
-1.0620501053908769,-1.1104326438223673,0.014147225068205945
-1.0586186026270938,-0.07445385789533447,-1.0405889455995267
-1.0551870998633106,1.0753554973464905,-0.1817516482041657
-1.0517555970995276,0.4448718898361206,-1.3917326879545089
-1.0483240943357444,-0.6991937990574632,0.46015244145170336
-1.0448925915719613,-0.5434308659601321,-0.6644312284583798
-1.0414610888081781,1.0379480157282932,0.7148961662201201
-1.038029586044395,-0.3281479987240839,-1.2269168938796147
-1.0345980832806119,-1.3649408820200204,0.41784315585464515
-1.0311665805168289,-1.5387698367077813,1.388140578277478
-1.0277350777530456,0.735382478849036,0.6065351829248519
-1.0243035749892626,1.425430251937298,-0.7409986681816014
-1.0208720722254794,-0.35979587038872857,-1.3735661138036412
-1.0174405694616964,0.9196448192898358,-0.9959055730209688
-1.0140090666979131,0.08576055690251651,-0.6085551375590641
-1.0105775639341301,-0.04626387857195684,-1.603939548485925
-1.0071460611703469,0.7968311790538442,0.28966717212343973
-1.0037145584065639,-1.3266671893954167,-1.5166258067754654
-1.0002830556427806,1.086229388114608,-0.4949799786169734
-0.9968515528789976,-1.2801807991864598,1.5122786365372776
-0.9934200501152145,-0.5954330099320811,-0.4898085925258331
-0.9899885473514314,1.2727924163555586,0.8182879331199021
-0.9865570445876483,-1.6456170411430624,-0.4045810711728485
-0.9831255418238651,0.6821431414849254,-0.4706037884125398
-0.979694039060082,-0.06072443237127888,-0.9685629093242412
-0.9762625362962989,-1.4760126794203898,-0.8325821612641261
-0.9728310335325158,0.5340381050363799,-0.9816187247944034
-0.9693995307687326,0.35364644608930795,0.11608996341909988
-0.9659680280049495,1.2676729778656048,0.1331866376729094
-0.9625365252411664,0.33920192124241544,-0.06382433635007263
-0.9591050224773833,0.35694165826631286,-0.8581177936061416
-0.9556735197136002,-0.6639760310555446,0.09757281237201167
-0.952242016949817,-0.11068783923502651,-0.7748722046418176
-0.9488105141860339,0.8553681150273359,0.9942068711205105
-0.9453790114222508,-0.3851282987189803,0.27262350335449964
-0.9419475086584677,1.579987251779741,1.484845384372886
-0.9385160058946845,-1.6738596647005146,-0.9905733809950893
-0.9350845031309014,0.6613077781277892,-0.9801967158420561
-0.9316530003671183,-0.2128837406103724,1.0082992893157687
-0.928221497603335,-0.22864969670338187,0.022851060286441478
-0.9247899948395519,-0.8570547376025156,1.2811201791084337
-0.9213584920757688,-0.40790195690395814,0.49627801465074184
-0.9179269893119857,-0.8968409352079446,-1.5764729633532077
-0.9144954865482026,1.4468843356799028,0.7834493942980212
-0.9110639837844194,1.0609382037981594,1.0326773095811161
-0.9076324810206363,-1.6220249541993392,0.0647589083924765
-0.9042009782568532,1.3145384379192089,0.04640081224934923
-0.9007694754930701,-0.9555047670194501,-1.1523471556699376
-0.897337972729287,-0.7924463179906106,0.3815916845204873
-0.8939064699655038,-1.3869426378240028,1.4707462971008844
-0.8904749672017207,0.7190572959595444,-0.7441944006488864
-0.8870434644379376,-0.6842409540894128,-1.0731571859034619
-0.8836119616741545,0.4487121418457924,-0.3494547547831224
-0.8801804589103713,-1.2509060284814748,0.7715539880872858
-0.8767489561465882,-0.0499159001227926,0.38801912760142865
-0.8733174533828051,1.5085242198646382,0.697685760589588
-0.869885950619022,-0.7941850526283408,1.4566846190131175
-0.8664544478552388,0.018681872946805955,-0.8183031553397069
-0.8630229450914557,-0.31362094010392083,0.3314711852272791
-0.8595914423276726,0.6871081745342897,0.8576373322904468
-0.8561599395638895,-0.10284541783522803,-0.12985221925132207
-0.8527284368001063,0.8382324637214693,1.0574586250594509
-0.8492969340363232,-0.3065958593873132,1.4182052264915477
-0.8458654312725401,-0.8596858591345261,1.0743769383900688
-0.842433928508757,-1.6101357111263581,-0.9011428554310487
-0.8390024257449739,0.48365531787825944,-1.6014702224965625
-0.8355709229811907,-0.5500286719974109,1.0873897108384147
-0.8321394202174076,-0.07747099544694519,1.3801977787624187
-0.8287079174536245,0.4976517265036697,1.0163158969781974
-0.8252764146898414,1.0907070338456677,-1.133559713724464
-0.8218449119260582,0.5833337368731527,0.24286500154266213
-0.8184134091622751,-0.588315244547889,0.9917491318773937
-0.814981906398492,1.4076660982466151,-0.7663678214930187
-0.8115504036347089,0.8011426240309224,0.6862255720167975
-0.8081189008709257,-0.5069617711423147,0.056669035064749324
-0.8046873981071426,-1.425002596587519,0.11522451189104078
-0.8012558953433595,0.8006814977942964,-0.17733709348108864
-0.7978243925795764,-0.4659311925291409,-1.576392785590558
-0.7943928898157933,0.4444280209358443,-0.9744536970699414
-0.7909613870520101,0.8204213224512321,1.4691459267362703
-0.787529884288227,0.36706041357470626,1.069637078218727
-0.7840983815244439,1.5602358400589094,-0.12314454019204057
-0.7806668787606608,0.32048153368928384,-1.528222204756626
-0.7772353759968776,-1.3833426806507076,-1.3698561543676728
-0.7738038732330945,0.0992164840520967,0.6155373710250094
-0.7703723704693114,-1.1303621029408388,-0.1600675390904169
-0.7669408677055283,0.6447653339272796,0.02661647472659388
-0.7635093649417452,-1.6346034286841675,-0.9589441720757588
-0.760077862177962,0.9747615192872257,0.2814332659858201
-0.7566463594141789,-1.4657697791410322,-0.8357407849357346
-0.7532148566503958,1.5474263401878507,-1.0560222133748138
-0.7497833538866127,-0.3803128990168801,-0.9583305323416719
-0.7463518511228295,-1.5408997036458012,-0.6833603589847453
-0.7429203483590464,-0.6831588824994881,0.7986826184107729
-0.7394888455952633,0.8150251173417727,-1.4233075912045883
-0.7360573428314802,0.626283670703158,1.5632106008525783
-0.732625840067697,-0.3951987659348068,-0.8092377682906968
-0.7291943373039139,-0.8901982210020837,-1.539381025296423
-0.7257628345401308,1.5191592682616522,-0.5273112367105648
-0.7223313317763477,-1.2276072078916318,1.0005015288540529
-0.7188998290125646,1.513673036584785,-0.2118069162823089
-0.7154683262487814,-0.6904843667096734,1.0121732440203204
-0.7120368234849983,0.9391574766376809,-1.4561841227824173
-0.7086053207212152,0.004087579090474462,0.4965425063454736
-0.7051738179574321,0.0120793240427345,0.24532187143998618
-0.7017423151936489,-1.4191395433742438,0.16737507915368344
-0.6983108124298658,-0.6155579706340933,1.2531858235690658
-0.6948793096660827,-1.3171510153073258,0.015784457767646382
-0.6914478069022996,0.37849761580752433,-1.0457399355586694
-0.6880163041385164,1.503408430428458,-0.6061915724283715
-0.6845848013747333,-1.6606244639802907,0.13072010529861605
-0.6811532986109502,-0.9763243749038402,0.3717051280825561
-0.6777217958471671,-0.3774743632404511,0.4145062412029918
-0.674290293083384,-0.3800967439035982,1.2042260869849217
-0.6708587903196008,-1.5431279806657598,-1.4246852895411093
-0.6674272875558177,0.9162605840875923,1.0155856825129168
-0.6639957847920346,0.5417350320660073,1.1690683811644094
-0.6605642820282515,-1.610283746933108,0.6681393267191024
-0.6571327792644683,0.618985864783887,-0.3480775250969467
-0.6537012765006852,1.5685109572764875,0.8618924441955184
-0.6502697737369021,0.6343246468373384,1.0362457309284416
-0.646838270973119,0.3126737326034453,0.3128583317912859
-0.6434067682093358,1.6035314565822887,-0.8691623906571685
-0.6399752654455527,-1.1383385586965944,1.1332720954185258
-0.6365437626817696,-0.03964335835019815,0.8060869517512268
-0.6331122599179865,1.328612901569642,1.4368764324481407
-0.6296807571542034,-1.4884764358491203,0.5307318530262427
-0.6262492543904202,-0.9627645113786356,-0.44293544582452726
-0.6228177516266371,0.009772362102036823,-0.5817768915909712
-0.6193862488628539,0.8064538316034924,-0.737300574472991
-0.6159547460990707,-1.480168980228079,0.39748058897020566
-0.6125232433352876,-1.430132240505332,-1.0987269540449351
-0.6090917405715045,-0.3869598129848175,0.19691142601672715
-0.6056602378077214,-0.7829187317563818,0.1530346387965972
-0.6022287350439383,-0.8380996087046195,-0.26823528191558804
-0.5987972322801551,1.1423709960502766,-0.15979449856067524
-0.595365729516372,-0.24574972901774508,1.4589794234154554
-0.5919342267525889,0.7491397487636515,0.5336184044482465
-0.5885027239888058,0.4849277872018566,0.3219247290184403
-0.5850712212250226,-1.4462772088219116,0.5743323803043371
-0.5816397184612395,-1.1431095240386155,-0.9617260975291999
-0.5782082156974564,-0.20186918042142776,0.8184702238921187
-0.5747767129336733,1.072797148276182,-0.7612557158016545
-0.5713452101698901,-0.9068496385926871,-0.26322717757463077
-0.567913707406107,0.02647304602753536,0.09861530702258664
-0.5644822046423239,-0.5692882687858609,-1.2085767619770842
-0.5610507018785408,-0.07785919407729508,-1.4605013306010763
-0.5576191991147577,1.1454346791383745,0.40496008191709887
-0.5541876963509745,-0.8947534875282536,-1.0841538359665468
-0.5507561935871914,-0.512860720091235,-0.4444097249889165
-0.5473246908234083,-0.7997791925520844,0.7203165721428492
-0.5438931880596252,0.531562518029073,-0.21944635223531775
-0.540461685295842,-1.1888969731614774,1.4093884523356002
-0.5370301825320589,-0.005251904435533777,-1.4841979072017204
-0.5335986797682758,-1.4642626572869772,-0.24545677546306255
-0.5301671770044927,-1.56415788774215,-1.3347101713348504
-0.5267356742407096,1.485749680078363,-1.4184609395008847
-0.5233041714769264,0.5646109486294775,-0.5757134104988579
-0.5198726687131433,1.35053534302605,-0.07847375270535856
-0.5164411659493602,1.151497147298159,0.08648111925197652
-0.5130096631855771,-1.441403990812247,0.8014040644267793
-0.5095781604217939,-0.6333605069487709,-1.230184510043349
-0.5061466576580108,-0.5307313138206927,-1.4968298409531153
-0.5027151548942277,-1.155001132741324,0.29771058460343247
-0.49928365213044457,1.1862595107639913,-1.544015713881763
-0.49585214936666144,0.04829542109785811,-0.6374326990585146
-0.4924206466028783,1.241513455205907,-1.3914104754327972
-0.4889891438390952,0.22663104121043526,0.9380292426807219
-0.4855576410753121,1.5584013788863864,1.3663002651590268
-0.48212613831152895,-0.6342677582986076,0.5577394082409194
-0.47869463554774583,1.1119847541528787,-0.46258923875438523
-0.4752631327839627,-1.6752100339539995,-0.03391198208209754
-0.4718316300201796,0.7243962257034932,-0.8138098251664411
-0.46840012725639646,0.2653149031577798,0.3258518934143447
-0.46496862449261334,-1.666108920672651,-0.9874096851931065
-0.4615371217288302,0.32646406931305305,-0.6523235584154563
-0.4581056189650471,-0.7969584189254455,-1.4173746024411749
-0.45467411620126397,1.4898137784215753,-0.7145660940416144
-0.45124261343748084,-0.22061278764947842,-1.0425498961666468
-0.4478111106736977,-1.4372415796361446,0.12754155313584106
-0.4443796079099146,0.39282343265693453,-1.4122625021981194
-0.4409481051461315,-1.4163118909245933,-0.9220966509130492
-0.43751660238234835,1.4158221851804869,0.06092168876049244
-0.43408509961856523,-0.20190971927308105,-0.123036840535139
-0.4306535968547821,1.0323980381444642,-0.2854448059292495
-0.427222094090999,-0.2922481130357555,0.16530502741922698
-0.42379059132721586,1.48830862037662,-1.1317630639023561
-0.42035908856343274,0.8674767403056097,1.1715433869692449
-0.4169275857996496,0.8280661310411838,0.05417613773467029
-0.4134960830358665,0.6664827711384123,-0.6307086582522449
-0.41006458027208337,0.9905458162459025,0.16920882907609583
-0.40663307750830024,-0.6795271034791736,0.3508384808258407
-0.4032015747445171,-0.9489450913611276,0.8915254624704239
-0.399770071980734,0.6809040434300205,-1.6060857681153176
-0.3963385692169509,1.08526493435291,1.030978656194211
-0.39290706645316775,-0.245990813359238,0.46983938924781304
-0.38947556368938463,0.9002488483295854,0.8903625992942132
-0.38604406092560145,0.2739398442617187,-0.08868080377478928
-0.38261255816181833,-1.0762146116372118,0.8883088953049503
-0.3791810553980352,-0.669081182519422,-0.19255494406730583
-0.3757495526342521,-1.4400038965003963,0.9010808731434714
-0.37231804987046896,0.5947454492733766,0.7369118920146926
-0.36888654710668584,1.4654671265526722,0.08521931297182121
-0.3654550443429027,0.5647342775789769,0.33025607081105657
-0.3620235415791196,0.16703320488949283,-1.5325876342751255
-0.35859203881533647,-0.19416279611421802,-1.1015454062872587
-0.35516053605155334,0.12259809424195865,1.444744562975042
-0.3517290332877702,-0.7856260842501984,-0.6805833251455159
-0.3482975305239871,1.5131067844179036,0.7081994890322306
-0.344866027760204,0.2653307317732291,0.4064846275271979
-0.34143452499642085,0.38872383074079436,1.520725972427335
-0.33800302223263773,0.9737995118816498,0.7714680464675346
-0.3345715194688546,-1.6624435711916126,-0.6678958864349512
-0.3311400167050715,-0.8677641760399363,0.5122406237539389
-0.32770851394128836,0.9986560919228482,0.5791273078460863
-0.32427701117750524,0.3688257824527121,-0.31253891925549887
-0.3208455084137221,0.8943861560661568,0.43753085686208915
-0.317414005649939,1.3278247336551547,-0.5037056323629833
-0.31398250288615587,0.3105974617485554,-0.8531762259937778
-0.31055100012237274,-0.625910770436223,1.453544240652034
-0.3071194973585896,-1.576295695843389,1.0773893604672484
-0.3036879945948065,-1.0304839616469494,-0.3548833432592151
-0.3002564918310234,1.530960822840437,-0.7843816507349951
-0.29682498906724025,-0.31672032818262635,0.7248573441056119
-0.29339348630345713,1.5269680106146883,-0.621051764046526
-0.289961983539674,0.5180042426610941,-0.07048055050194359
-0.2865304807758909,-1.5170815792182497,-1.2047346337580789
-0.28309897801210776,1.1578139565638066,0.1843504947485954
-0.27966747524832464,-0.3046216549992717,1.248493391617526
-0.2762359724845415,-0.2729084829369984,-0.9922488461357044
-0.2728044697207584,1.360258029752088,-0.5590805471061593
-0.26937296695697527,-0.0018549325846460363,-1.5920677459196062
-0.26594146419319215,-1.2256709310523026,1.040843384528315
-0.262509961429409,0.9050408039608476,-1.4747051302433531
-0.2590784586656259,-1.3078523553622496,-0.8213946431884315
-0.2556469559018428,1.4445155360353163,-0.5167330492024188
-0.25221545313805965,0.8751033409365055,-0.4934206347544761
-0.2487839503742765,-1.1429586389950988,0.37642005179803983
-0.24535244761049338,-0.9061333447774855,-1.530606138095104
-0.24192094484671026,1.341389561102408,1.3164587090258832
-0.23848944208292713,-0.9729773336946778,0.6889953445327115
-0.235057939319144,0.8706114593809277,-0.7279162526988028
-0.2316264365553609,1.2912752514090275,0.7197222835154587
-0.22819493379157776,-0.9242618912971499,0.09874532378446939
-0.22476343102779464,-0.6866519067676159,0.35308742248388736
-0.22133192826401152,0.5517016101131693,0.7333764259421313
-0.2179004255002284,-0.7689627827117036,-1.517962174392103
-0.21446892273644527,-1.436338296941987,-1.0470648720870603
-0.21103741997266215,0.832748552355412,-0.4937176220087269
-0.20760591720887903,1.3310680126079688,0.41996044409248384
-0.2041744144450959,0.1967136742740333,-0.6237302090032839
-0.20074291168131278,0.5300170964811056,0.642335641400959
-0.19731140891752966,1.352500252278764,1.5572380201189067
-0.1938799061537465,-0.9254164593342974,-1.579988583592057
-0.19044840338996338,-1.5421516373748294,-0.4351900201104297
-0.18701690062618026,0.8883196071923953,1.3986103602039142
-0.18358539786239714,0.9296461715343236,-1.5184102823486687
-0.18015389509861401,0.5592649466589963,-1.2940067707386604
-0.1767223923348309,-0.9333975688808338,-1.0631331243373552
-0.17329088957104777,0.9039188181231287,-0.6087740543729987
-0.16985938680726465,-0.874265702696201,-1.3750528253245562
-0.16642788404348152,0.18641141303595402,0.19517598390195898
-0.1629963812796984,1.4452126325321308,-0.869467198848591
-0.15956487851591528,-1.401823673464745,-0.37775321395291983
-0.15613337575213215,-0.8495287004188807,-0.6060612532304406
-0.15270187298834903,1.082643526691517,0.7865301936080927
-0.1492703702245659,1.4955731224401096,0.3603059233433742
-0.14583886746078278,1.4641128032054194,-0.24363219234198824
-0.14240736469699966,0.12330241495598593,-1.0241672164666273
-0.13897586193321654,-0.05052709988116688,1.3129417111151787
-0.13554435916943341,0.9695790221840896,-1.198297871060508
-0.1321128564056503,-0.7381862499971003,0.7457659043511868
-0.12868135364186717,0.5355811047143678,0.1366821857981035
-0.12524985087808405,1.4679003767546293,1.0677473396091821
-0.12181834811430091,-1.4766289359585503,-0.3681880705440541
-0.11838684535051779,0.6340042645330065,0.6441031919984543
-0.11495534258673466,-0.8136342360758493,0.1454556603977421
-0.11152383982295154,-1.3108965958105192,1.2286766277871175
-0.10809233705916842,-0.08949491031738277,-0.3170980690056033
-0.1046608342953853,-1.4674033025320625,-0.5672573488182501
-0.10122933153160217,0.2801500340826456,-1.3079677416187587
-0.09779782876781905,-0.669636658280272,0.765014762558799
-0.09436632600403591,-0.06461151752807444,-0.510112467319971
-0.09093482324025279,1.4539132728843405,0.0072675014832501725
-0.08750332047646966,-1.0954174254643911,1.1847263762983802
-0.08407181771268654,-1.2304698064100814,-1.5962412472839453
-0.08064031494890342,1.5963564858392143,-0.4634784924341194
-0.0772088121851203,0.008529365591228454,0.4473731231352606
-0.07377730942133717,0.7465813472895125,-1.3539050085677458
-0.07034580665755405,0.9312239089091878,-0.10303481591811711
-0.06691430389377093,0.38537931533696645,0.6334097473041178
-0.0634828011299878,-1.5044521477045523,0.1826362032287294
-0.060051298366204674,1.4151814135718574,0.20647072909634245
-0.05661979560242155,-0.5779168251220994,1.2586256809373215
-0.05318829283863843,-0.8865865079666736,-1.545980795037569
-0.049756790074855305,-1.3472907132728054,-0.21124536155787882
-0.046325287311072175,1.4925740688554805,1.405455838084261
-0.04289378454728905,1.475810960319574,0.368594031197097
-0.03946228178350593,-0.6397486976557537,-1.4472257397463586
-0.036030779019722806,0.6412650762478546,-1.2531819564187163
-0.03259927625593968,-1.1348032952753209,-1.5159180473487197
-0.029167773492156556,0.4341279956721015,0.4047367505882661
-0.025736270728373433,-1.2282234399060619,0.8103684234325833
-0.022304767964590307,1.0374194273911477,1.3294619216476251
-0.018873265200807184,-1.4669357132696443,0.16547578837077354
-0.015441762437024059,0.4301524015730878,0.5598770239734396
-0.012010259673240934,-0.85855061694946,-0.16126651107012316
-0.008578756909457811,1.4417281420026404,1.4984117701121644
-0.005147254145674686,-0.9859894331530535,-0.6586453276323766
-0.0017157513818915622,0.05803043675192299,-0.19450112095501837
0.0017157513818915622,1.0356695722513407,-0.8143797672846266
0.005147254145674686,1.2437363260507954,0.6027017442870684
0.008578756909457811,1.1921031733460616,-1.5542638741321078
0.012010259673240934,1.552290912641186,0.5082875367181644
0.015441762437024059,-0.7305225450736127,0.5582262909181946
0.018873265200807184,0.4041962327607135,1.1087938121088676
0.022304767964590307,1.2036955726565777,-0.3911748091281876
0.025736270728373433,-0.17493937536425028,-0.7898890848377634
0.029167773492156556,0.6491630791473575,0.13540316894711488
0.03259927625593968,-0.18585213853488172,-0.48972953264896874
0.036030779019722806,0.4497988344792008,1.5668581195585158
0.03946228178350593,1.5444183174020196,-1.0544930007486175
0.04289378454728905,-0.6545147961163128,0.24757621276980216
0.046325287311072175,1.5822489275983707,1.0093591109380935
0.049756790074855305,0.7213274378646534,-0.8291932983790862
0.05318829283863843,-0.06268529691578538,-0.14806415128680137
0.05661979560242155,1.3754140861053377,-0.8330732053614808
0.060051298366204674,0.19746850803220603,-1.4659746148088504
0.0634828011299878,0.5819329646135475,0.3816746243489447
0.06691430389377093,-0.16052298478804788,0.11125410812097576
0.07034580665755405,0.17974453291564593,0.5394359422098358
0.07377730942133717,-0.061032677603887586,-1.032137723650746
0.0772088121851203,-1.5046453618069564,-1.2467114855221089
0.08064031494890342,1.5903698170748024,-1.0811514276796892
0.08407181771268654,0.18054439754014673,0.9009922487457191
0.08750332047646966,0.6329444852660073,0.8632087316475274
0.09093482324025279,0.04615074784573922,0.05961559923359127
0.09436632600403591,0.33960404272778083,-0.9963773154844648
0.09779782876781905,0.6673448874485922,0.5441443904179775
0.10122933153160217,0.6764450260789676,0.7200762957367927
0.1046608342953853,-0.8831894689429248,1.5312106419388278
0.10809233705916842,1.153809866383747,0.7022046593609853
0.11152383982295154,0.4960443153358658,-1.330165265022375
0.11495534258673466,1.513251132647807,1.467715741305947
0.11838684535051779,1.228152342715781,1.3891822199769337
0.12181834811430091,0.763109915710565,-0.8136020044235619
0.12524985087808405,0.9456867889800517,-0.39540033235188865
0.12868135364186717,0.0706565409680167,-0.7209578999299853
0.1321128564056503,-0.7932830578304932,-0.8413523282850772
0.13554435916943341,-0.8173604679665063,-0.9850008053707757
0.13897586193321654,1.3784480308880325,-1.4377048174297267
0.14240736469699966,-1.1701138745307045,0.3325956684708837
0.14583886746078278,1.4891551608063047,-1.560368338636083
0.1492703702245659,0.850815549680093,1.3506276037336178
0.15270187298834903,-0.7380487790109713,0.17963495597164802
0.15613337575213215,0.29707883511036004,1.1301284277048016
0.15956487851591528,-0.37393371476417187,-1.3606819024253916
0.1629963812796984,-1.0773025933892009,-1.1577969920434663
0.16642788404348152,-0.43599700295688343,0.2600516846202247
0.16985938680726465,-0.15527626434622863,-0.73078083839984
0.17329088957104777,1.3689072400359652,1.446946777903505
0.1767223923348309,-1.0802146726764907,-1.2468651902685146
0.18015389509861401,-0.4657599792199891,-1.1835142032708281
0.18358539786239714,1.2896617570940712,0.6574981832919581
0.18701690062618026,1.4081529190820952,-1.5643921621140908
0.19044840338996338,-1.049432852730999,0.9395543360340292
0.1938799061537465,-1.0328398770681437,-1.302973809322451
0.19731140891752966,-0.2532527822524504,-1.5506792723436271
0.20074291168131278,-0.4451788266726195,-1.2010341080428146
0.2041744144450959,-1.2037587747998164,0.8136610524738527
0.20760591720887903,-0.8016193154634964,-1.2787561617284957
0.21103741997266215,1.0670457802019366,0.2803290497853378
0.21446892273644527,-0.47467080026954883,1.0188371502771958
0.2179004255002284,-1.3937446990079705,-1.4885280899736615
0.22133192826401152,-1.0198785024567334,-1.4080259197522784
0.22476343102779464,0.26886430474094947,1.417771635523962
0.22819493379157776,-0.7265435749803276,1.283689203563529
0.2316264365553609,-0.9879720010563413,1.3031906384058172
0.235057939319144,0.3922905801330666,0.6533529828233292
0.23848944208292713,-0.4672924878461071,0.19607785801545718
0.24192094484671026,0.3540367324363622,-1.1572640246084438
0.24535244761049338,-0.0015137081130534664,-0.13421754711925574
0.2487839503742765,-0.28330904035598814,1.4171306693770782
0.25221545313805965,-0.11362333413918048,0.5183381650688353
0.2556469559018428,-1.4693326532078812,-0.12861470156746335
0.2590784586656259,0.4261802308554031,0.9672133326040333
0.262509961429409,-0.5180846873956655,0.6891485733293917
0.26594146419319215,0.41644219886841866,-0.8495229581047646
0.26937296695697527,-0.19186883725744194,-0.07615667397990951
0.2728044697207584,0.5983440242068768,0.3405305792577979
0.2762359724845415,0.48112895785020293,-0.9661044079565826
0.27966747524832464,-0.20455045490744656,-0.6584545330139958
0.28309897801210776,-1.5125726094482868,0.8894844196033982
0.2865304807758909,-0.05844727497433035,0.43452699233425496
0.289961983539674,-0.6240654351945166,-1.5402757038249804
0.29339348630345713,1.0114090656788444,-0.5985766725458848
0.29682498906724025,-0.3660769285715796,0.43163560228203623
0.3002564918310234,0.5926544147794142,-1.2511618140134413
0.3036879945948065,1.4977561718663257,0.7012870528567408
0.3071194973585896,0.03474852859404203,-0.2776495936602735
0.31055100012237274,-0.7076791724893244,1.3465880808920048
0.31398250288615587,-0.4669245218569524,-0.020266958717495377
0.317414005649939,-1.5097556015077127,1.4525977372391166
0.3208455084137221,-0.3811049468525082,1.144466587484304
0.32427701117750524,0.5239027027797369,-1.2949800326970318
0.32770851394128836,-1.6411752914826456,0.6383472999057374
0.3311400167050715,-1.5764674610383684,-0.42911258988444323
0.3345715194688546,-0.2571050369879584,1.0883889708357524
0.33800302223263773,1.4925588067365685,-1.3878656970272674
0.34143452499642085,0.09671086497439224,0.9900088094683465
0.344866027760204,0.8937441209678102,0.7652375165661003
0.3482975305239871,-1.4829561186937334,0.3814008438008546
0.3517290332877702,1.2297311136352571,-1.4879752165959583
0.35516053605155334,-0.4694378415414526,-0.9757985959547824
0.35859203881533647,-1.197951174314376,-0.31527804422275635
0.3620235415791196,-0.6621992297306241,0.34873087585454815
0.3654550443429027,0.592490831850212,-1.084219303815805
0.36888654710668584,0.8091194109939953,-0.1767782149935424
0.37231804987046896,0.48137946478105176,-0.06080949676857001
0.3757495526342521,1.253559735488401,0.7828070983174388
0.3791810553980352,-0.714883068564874,-1.1800513769300511
0.38261255816181833,-1.3006225723333116,0.5028316126902406
0.38604406092560145,-1.6693593052171132,-1.4789478279298263
0.38947556368938463,-1.1639278945676748,0.8764041847103882
0.39290706645316775,-0.808491610018224,0.2081124431716728
0.3963385692169509,-0.7496838312744137,-0.07582986149215064
0.399770071980734,0.38327795789099806,-0.9074856571324411
0.4032015747445171,0.539991522901233,-1.062484146210259
0.40663307750830024,-0.5362155312916096,0.8991130005780913
0.41006458027208337,-0.3744466061796587,1.3843740368552169
0.4134960830358665,1.2473184783183724,1.2820314815042733
0.4169275857996496,1.0820661157380398,1.0688193986549306
0.42035908856343274,0.9333127850598788,-0.036603697473458895
0.42379059132721586,0.932637104746069,-0.12103628886902715
0.427222094090999,-0.22930443205994888,-0.35658810413688213
0.4306535968547821,1.3220518465633089,-0.7780309313833835
0.43408509961856523,-1.400879095166766,0.09434367430061391
0.43751660238234835,0.9322539837713726,-1.0681526761075981
0.4409481051461315,-0.5217211544161533,-1.4477342725302502
0.4443796079099146,-0.45879225683424096,-0.3016370544260602
0.4478111106736977,0.6452296424942614,1.4334215467293776
0.45124261343748084,-1.616775978142158,-0.037225765142249276
0.45467411620126397,-1.3085825123534305,0.3171834194448596
0.4581056189650471,-1.1649145119507884,-0.4130443181348725
0.4615371217288302,1.3812584869012017,-0.344534769389209
0.46496862449261334,-0.013682572651503693,-0.4954204414235459
0.46840012725639646,-0.3315991370170308,-0.2639423247444328
0.4718316300201796,-0.3931215039179766,1.254239828997051
0.4752631327839627,-0.8808300608231562,-1.590299862952586
0.47869463554774583,1.4678974896896053,-0.18534703176992282
0.48212613831152895,0.2948760027333898,0.4440058343908396
0.4855576410753121,-1.3625880052861785,-1.532116015652564
0.4889891438390952,0.16811623943060855,1.146187357927694
0.4924206466028783,-0.21626455537925396,-1.4243611378150096
0.49585214936666144,-0.002511724557959764,-1.0830128372360925
0.49928365213044457,0.6878011175179964,-0.3861712935269611
0.5027151548942277,0.9535177989286574,-1.5605448289717752
0.5061466576580108,0.10474562098531702,1.115584934638318
0.5095781604217939,-0.918721205615535,-1.3113606144142445
0.5130096631855771,0.9771669243220573,0.9020986836652947
0.5164411659493602,-1.2251435894445746,0.33513509581832285
0.5198726687131433,0.20317227449500103,-1.4325598278438776
0.5233041714769264,-0.5731271278338199,-0.8434192538128145
0.5267356742407096,-0.6886234876834282,1.5848257782271467
0.5301671770044927,1.0409217739393246,1.2678168429344576
0.5335986797682758,-0.47281320234223745,-0.46759128157000845
0.5370301825320589,-0.3976238056121436,-1.3105675898360665
0.540461685295842,-0.11343706858491424,-0.2759682696394404
0.5438931880596252,1.1804162081324339,-0.8399029749177618
0.5473246908234083,-0.5582699198898626,1.2408001237992101
0.5507561935871914,1.4983921118064694,0.20447300550791558
0.5541876963509745,0.18986172031048554,1.5784462754619932
0.5576191991147577,-1.1271990157254042,0.2590766224282054
0.5610507018785408,-0.3196788923256458,0.7274783369579043
0.5644822046423239,-0.8117946865357545,-0.08923524906263944
0.567913707406107,1.3790206690907632,0.9467636176965505
0.5713452101698901,-1.557244697772486,1.224753661259535
0.5747767129336733,0.9834661203335742,1.1198960393407869
0.5782082156974564,0.7657717529231827,0.7778725739289362
0.5816397184612395,1.1129866503438677,0.8797209985572639
0.5850712212250226,0.6618267379932256,-0.4622529624197928
0.5885027239888058,-1.5904301561754124,1.549207484570805
0.5919342267525889,0.31401914114445934,-1.3774979071138773
0.595365729516372,-0.22086734111682815,-0.6420030981522818
0.5987972322801551,1.235726973776445,0.6266447708100149
0.6022287350439383,-1.2595938544280645,0.3915024527296558
0.6056602378077214,1.4995664669209747,-1.2695698501962083
0.6090917405715045,0.2641787061660145,-1.3590785038385476
0.6125232433352876,0.8278782260149208,0.3264016843963132
0.6159547460990707,0.7543819842774104,-1.0255448156769682
0.6193862488628539,-0.7558391753326134,-0.7789146304390129
0.6228177516266371,-1.5506505152267358,0.06302409328194634
0.6262492543904202,0.4598841614152229,0.41075169512702886
0.6296807571542034,-1.6701149937424724,-1.190890696305664
0.6331122599179865,-0.3204359920989958,-1.3418824438416233
0.6365437626817696,1.5576956742140284,1.0959725623242205
0.6399752654455527,0.644368808616049,0.6491728263228068
0.6434067682093358,1.270215012628415,1.5618851828081914
0.646838270973119,1.1941296094937177,-0.6327653411386744
0.6502697737369021,-1.5869762369628304,0.9200852195338474
0.6537012765006852,1.3978421920631474,-0.9324986135407567
0.6571327792644683,-1.12891363183627,0.9113022992336254
0.6605642820282515,1.4439667007839032,0.3367439719113914
0.6639957847920346,0.28777487698084997,-1.1840399300508764
0.6674272875558177,-0.7025092568501984,-0.0613752639565091
0.6708587903196008,0.41861393646487977,-0.6501520218488945
0.674290293083384,-0.6808339547022835,0.293430909660918
0.6777217958471671,-1.0378981964831766,0.10479284002434221
0.6811532986109502,0.9938151216684532,0.6174185206989014
0.6845848013747333,0.38596841419843037,1.5305949106038115
0.6880163041385164,0.6462518991585317,-0.2816519696488168
0.6914478069022996,1.237263778595685,-1.3683776702080745
0.6948793096660827,-0.6784507713289102,-0.9108065391534679
0.6983108124298658,-0.39283304283065007,-1.542378014372689
0.7017423151936489,0.7832607336525608,1.2351097393415946
0.7051738179574321,1.1706007787339527,-0.3547143886157151
0.7086053207212152,1.0721940544553876,1.2210688588218275
0.7120368234849983,0.693421117349393,1.0615618440320513
0.7154683262487814,-0.02488381683727464,-0.5317573129475338
0.7188998290125646,1.4330607103581698,1.0756700974314926
0.7223313317763477,0.5367606930255968,-0.2114712889761491
0.7257628345401308,0.05134688918718636,0.7650531285791792
0.7291943373039139,0.555823332548388,-1.5921369523136755
0.732625840067697,0.731236757452212,-1.295560126145789
0.7360573428314802,-0.5652664193963648,-1.4117859708992864
0.7394888455952633,1.0139323905127113,0.9512659219393002
0.7429203483590464,-1.170588809250215,-0.9997255677839485
0.7463518511228295,-0.46121788108299355,0.6240945643075807
0.7497833538866127,-1.0969659538582524,-0.803550768395451
0.7532148566503958,-1.182243729801047,-0.45829392598684016
0.7566463594141789,0.6217079526761291,0.9316239215389664
0.760077862177962,1.4182064705327848,-1.4945564675439718
0.7635093649417452,-0.5917428763379291,-0.4020125194948855
0.7669408677055283,1.3576281424110608,-0.39725449030547544
0.7703723704693114,1.3699404205674397,-1.3911675667116292
0.7738038732330945,-1.3252425448095424,1.1809296255828778
0.7772353759968776,-1.672467254752755,1.158972395742278
0.7806668787606608,-0.1180874017298578,-0.8772287023024152
0.7840983815244439,-0.46085013086402443,1.0602898121618551
0.787529884288227,1.518612872135455,-1.087427514036985
0.7909613870520101,-0.9287549749558436,0.01033682336226788
0.7943928898157933,0.7701114882899606,-0.20236577741772535
0.7978243925795764,-1.66140642609392,0.5037146857139803
0.8012558953433595,0.5833645678480176,0.8091072098771662
0.8046873981071426,0.38031325566559915,0.8596266355314764
0.8081189008709257,0.2907809973701628,-1.2691749070898888
0.8115504036347089,1.217952192654242,0.06752913040359422
0.814981906398492,-0.21887296004512533,-1.0009844569613817
0.8184134091622751,-1.2584472524762167,-0.8589121338150918
0.8218449119260582,0.45536589593833904,1.4425042188287556
0.8252764146898414,-1.0855243112902722,-0.06719987876229594
0.8287079174536245,0.809592664829837,-0.2234496774371465
0.8321394202174076,-0.46900170775526945,-0.19997971945635265
0.8355709229811907,1.5052923404711949,1.0969633581983718
0.8390024257449739,-0.39219033986485125,-0.7274163024508915
0.842433928508757,-1.3644053825768128,1.477054769961218
0.8458654312725401,-1.0613763317724518,-0.818568585421624
0.8492969340363232,1.1237386753321423,-1.1366544545527715
0.8527284368001063,0.9430352726001481,1.258919930900304
0.8561599395638895,0.04523280514456752,1.482098978907177
0.8595914423276726,0.2582878205672892,0.38316708648521547
0.8630229450914557,-0.6260601532228905,1.3234492894973304
0.8664544478552388,-1.090293500942483,-0.029175610065177406
0.869885950619022,1.1138316021740113,1.3549713099098986
0.8733174533828051,-1.4076351255040893,-1.5088076865642377
0.8767489561465882,-1.1167507596770299,0.21178341348427052
0.8801804589103713,0.929480900665083,-0.20303324366264153
0.8836119616741545,1.3881948912898914,0.47331631907295607
0.8870434644379376,0.7111170622822168,0.15130984494848387
0.8904749672017207,-0.35495914279668106,-0.6741192645030736
0.8939064699655038,-0.3194540043849878,-0.5418624676739172
0.897337972729287,0.7234069821430782,-0.2620257512855149
0.9007694754930701,-0.6180997306249513,1.5787394127052128
0.9042009782568532,0.4393337418302013,0.909967890968952
0.9076324810206363,0.6580036821764091,-0.9114989388852875
0.9110639837844194,-0.8036798434192112,-0.7475677606834129
0.9144954865482026,0.6892695838347409,-1.2831653246007182
0.9179269893119857,1.317790662285355,-0.9829750436153748
0.9213584920757688,-1.1148209366827957,-0.2210221538771423
0.9247899948395519,1.558067580102729,1.0489313536095786
0.928221497603335,0.5673141946331,1.2335421571389988
0.9316530003671183,1.0108498323806,1.2368818566564357
0.9350845031309014,1.5842391137866867,-0.9781950535586131
0.9385160058946845,-1.5753269705571116,-0.3788617763122186
0.9419475086584677,-0.20183088471567612,1.3395894264160289
0.9453790114222508,-1.1009798811139107,-0.3973200896105825
0.9488105141860339,1.3512367211972225,-0.38486156607348193
0.952242016949817,0.849993298070453,0.34385042030347757
0.9556735197136002,-1.354642408510421,-1.34652855811892
0.9591050224773833,-0.24712190594036437,0.5069992725273931
0.9625365252411664,-1.2250238148569816,0.970819797983706
0.9659680280049495,-1.3124344676517163,1.0300818892323016
0.9693995307687326,-0.5470163459111181,0.7602766546974178
0.9728310335325158,1.214056990863069,1.1353855223848766
0.9762625362962989,-1.100751717476742,1.331238286588066
0.979694039060082,0.24012638440062678,-1.0276957021570692
0.9831255418238651,0.7812754781925885,0.5213914261252132
0.9865570445876483,-1.3461014159422797,0.9550159434865154
0.9899885473514314,-1.4634390089653126,-0.6133580849810762
0.9934200501152145,-1.57099459625199,1.366530646078605
0.9968515528789976,-1.5637567885181871,0.586024888013698
1.0002830556427806,0.657718081603216,0.6452932748201202
1.0037145584065639,0.43843196326421857,0.07538359072172761
1.0071460611703469,1.6025007196178496,0.8234998471856914
1.0105775639341301,-0.9006897985013136,1.0197704703833101
1.0140090666979131,0.02050975684885276,0.9422032061009501
1.0174405694616964,1.4844254266483763,1.4093739988064968
1.0208720722254794,-0.28170165674898406,-0.18621981209344407
1.0243035749892626,-0.4168501397031262,0.5359406178050024
1.0277350777530456,-0.3237916191747487,1.0943397264700023
1.0311665805168289,0.550250893630644,-0.8705770121266074
1.0345980832806119,-0.33048701904668276,0.5073417735374713
1.038029586044395,-1.4032304010045467,1.456992451887457
1.0414610888081781,-0.6628166950433043,0.38497818633391334
1.0448925915719613,-1.2120038183720185,-0.3044186454903606
1.0483240943357444,0.1555566957235683,0.7625643787433339
1.0517555970995276,0.4927113409697646,-1.3023068876315287
1.0551870998633106,0.3543584392420962,0.3263174505082052
1.0586186026270938,0.27843556910850037,-1.4306834604812182
1.0620501053908769,-0.2816579938006562,-0.4703096492450267
1.06548160815466,-0.22541277276504332,0.2841910768518646
1.068913110918443,-0.8315318818269207,0.170361412493761
1.0723446136822263,1.2861174665152209,1.1702200745595763
1.0757761164460093,-0.8982759319819078,0.4081928700478069
1.0792076192097926,1.2810266174593599,1.1353293749367512
1.0826391219735756,-0.8740245326594591,1.5224385218767411
1.0860706247373588,0.75799068710503,0.06935864753314719
1.089502127501142,1.2156422733466892,1.5631703686781195
1.092933630264925,1.5152655796816745,1.4465464024458379
1.0963651330287083,-0.08462513118409179,-1.359428073850083
1.0997966357924913,0.305442782484968,1.3336399145053324
1.1032281385562746,0.8376301270140664,0.32392407276641166
1.1066596413200576,1.5953534198439292,-1.3981998669490958
1.1100911440838408,0.44929698539291996,0.35658332170413237
1.1135226468476238,1.0775193050261291,-1.245715464020109
1.116954149611407,-0.8254723536319029,1.2748688866008366
1.12038565237519,-0.354908517542212,1.5795877122291095
1.1238171551389733,-1.537130791172077,0.18541504348448037
1.1272486579027563,-1.2372511690578987,0.8547493078690811
1.1306801606665395,1.1892035836702997,1.4120076971978819
1.1341116634303225,1.0034997697940395,-1.0541550475660744
1.1375431661941058,-0.5387654579580244,-1.2485239690171837
1.1409746689578888,-0.4688146566411954,0.5059455186939698
1.144406171721672,1.0895297116272253,-1.2735525171032098
1.147837674485455,-1.3750808565643837,-1.0844443433993662
1.1512691772492383,-1.2957357657007122,-0.025201866911859307
1.1547006800130213,1.3959709651877275,-0.9002780644379244
1.1581321827768045,-1.202231174600237,-1.5093058738352794
1.1615636855405875,1.35707512418544,1.0234711245956276
1.1649951883043708,-1.3661988062473265,-1.492079225544561
1.1684266910681538,-0.34118123331373323,0.830809155490373
1.171858193831937,-0.5197188749722929,1.3978460226561096
1.17528969659572,-1.6589537085281982,-0.938535341972946
1.1787211993595033,-0.13625607649814844,1.2960359489825124
1.1821527021232863,-1.5899869306456853,0.7392824758810561
1.1855842048870695,1.0956039437280993,-1.6066217276556716
1.1890157076508525,-0.524953584031437,-1.2930232412736908
1.1924472104146357,-0.36237248132979616,-1.2126936866492413
1.1958787131784188,0.9337736185756544,0.7703604307906182
1.199310215942202,1.2946794902843737,1.0854352550162158
1.202741718705985,0.30787457623536296,1.486299186782113
1.2061732214697682,-0.13494816186641623,-1.540568155978524
1.2096047242335513,1.5961500942543532,-1.2870090433072132
1.2130362269973345,1.229918519485852,0.8095390831461089
1.2164677297611175,-1.4930910416172982,-0.2545406197579944
1.2198992325249007,-0.9470722251575634,-1.2042841374400042
1.2233307352886837,-1.4759503876749474,-0.8995273130532417
1.226762238052467,-0.10551197060931734,0.6300381013396019
1.23019374081625,1.597145558312321,-0.6357733484397172
1.2336252435800332,1.1356280485138788,1.272747035987236
1.2370567463438162,-1.5639777450668346,1.3353373766065706
1.2404882491075995,-0.5150344051532557,0.3256561390021916
1.2439197518713825,-1.6419491946252602,-0.16092673050985534
1.2473512546351657,0.3394101396550519,0.8280633427262752
1.2507827573989487,-1.618795145063102,-0.06094705739104999
1.254214260162732,1.236376642487895,-1.517804027409488
1.257645762926515,-0.8233363261409217,-0.1550526224490431
1.2610772656902982,1.4336105647222628,0.10933655117230102
1.2645087684540812,-0.546308867139345,-1.5069214861234173
1.2679402712178645,-0.38670445378535323,0.14543102608273228
1.2713717739816475,-0.8838142918807759,-0.22901613272348573
1.2748032767454307,-0.4316379148616925,0.3468106352201638
1.2782347795092137,0.7981087513837671,-0.12273063983141103
1.281666282272997,0.671428180055918,-0.33116848806610194
1.28509778503678,0.6627937457380441,0.34969350957011985
1.2885292878005632,-0.9585140993357414,-1.5475258391679
1.2919607905643462,0.09039242250426867,-0.8852072109701222
1.2953922933281294,0.9467973334686077,-1.540530837795162
1.2988237960919125,0.3849153417288928,1.211371331485942
1.3022552988556957,1.4643641092211903,-1.0712008476700638
1.3056868016194787,0.152452755171527,-0.7875008326112456
1.309118304383262,-1.647431489570599,1.1176915361588922
1.312549807147045,-1.1068424935309664,-0.7645174383205885
1.3159813099108282,1.1594938825955414,-0.6413075000641997
1.3194128126746112,0.8388022016512207,1.508828720345281
1.3228443154383944,-0.5404692005464263,-0.04604601482706869
1.3262758182021774,0.8738308975995617,1.2500649110612982
1.3297073209659607,0.8123565875073004,0.5061183621046976
1.3331388237297437,1.3591315107677582,-0.2545003261345461
1.336570326493527,-0.2209648837255238,-0.5400207386415523
1.34000182925731,-0.403921731884733,-1.441988247743619
1.3434333320210932,0.9182820053064936,1.5556006130984892
1.3468648347848762,0.20020221837913177,0.9971656050888438
1.3502963375486594,-1.4930324548428295,-0.025565044043224655
1.3537278403124424,0.8963313206543483,-1.0439328783293993
1.3571593430762257,0.09260516518554998,0.2853198591228664
1.3605908458400087,-0.43989331250924235,0.2420058498273895
1.364022348603792,0.9804026589851533,-1.4120260535294182
1.367453851367575,0.5879161942067892,-0.9280764316300664
1.3708853541313581,0.3531726077758528,0.7470105687187354
1.3743168568951412,1.1724556540207773,-0.009736631738423124
1.3777483596589244,0.09014858246042694,0.12339083733958153
1.3811798624227074,-0.9315284210563072,-1.4987675301578471
1.3846113651864906,-1.1701463956052178,-0.7494689592340679
1.3880428679502737,-0.7999491246075932,0.2961163437744804
1.3914743707140569,-0.47300002593088164,0.9660815867235085
1.39490587347784,1.5210593125884742,0.37761495279018215
1.3983373762416231,-1.6306359672292423,0.15556577249394776
1.4017688790054064,-1.3944694816890564,0.9142455774884225
1.4052003817691894,1.2172891529786625,-0.757760775841168
1.4086318845329726,0.8340744611873422,-1.080014724923152
1.4120633872967556,0.4778943227433165,-1.3751707917652314
1.4154948900605389,0.7765399405760345,0.77719034418488
1.4189263928243219,-0.4713343837079292,-1.5059645157898338
1.422357895588105,-1.344197561064008,0.3001015531710185
1.4257893983518881,-0.9506118001580263,-0.4743708253247323
1.4292209011156713,-0.12451454104710087,-0.2573689728404442
1.4326524038794544,0.8260886872707389,-0.29728224211539034
1.4360839066432376,-1.1090313598189872,-1.6012617498785886
1.4395154094070206,-0.31075247886177265,0.6041512867410044
1.4429469121708038,0.07662536200623639,-0.6032223001598711
1.4463784149345869,-0.314638786487888,-0.717351815379776
1.44980991769837,-0.3501208932114981,-0.6631440306566461
1.453241420462153,-1.0679642056365777,0.697899091060221
1.4566729232259363,0.5627216266984449,1.1811703585710702
1.4601044259897193,-1.6310455422183465,1.0318455004805074
1.4635359287535026,1.0093205471805824,1.468165544796283
1.4669674315172856,-1.3727395420384065,-1.5178664735439242
1.4703989342810688,-1.019182027704343,0.17969072325356056
1.4738304370448518,-0.0849836383714435,-0.05858190843083275
1.477261939808635,1.456444475356617,-0.42447907348349306
1.480693442572418,0.06170654748346754,0.2549388508722681
1.4841249453362013,-1.302446197325064,-1.1268609290899476
1.4875564480999843,-0.7668880058433952,-1.1372523601952482
1.4909879508637676,-0.18343190957277603,-0.17611838812543062
1.4944194536275506,1.1115175753489224,-0.3476806546564601
1.4978509563913338,-0.019568726310075068,1.419036817007267
1.5012824591551168,0.4725280518650533,-1.2619948942463837
1.5047139619189,0.3994171891381441,-0.8821969874963287
1.508145464682683,1.5404949264585237,0.4081633583603427
1.5115769674464663,0.6027909397531599,-1.482171536685848
1.5150084702102493,-1.091509099427334,0.6791181743900854
1.5184399729740325,-0.46699629663049785,0.1964791668134501
1.5218714757378156,-0.020879549357607483,-0.09852607914331143
1.5253029785015988,0.15267270316434403,1.1582156873698095
1.5287344812653818,-0.10739548978302142,0.4959473504265763
1.532165984029165,-0.3779582646840429,-0.47010471898027
1.535597486792948,-1.3579286543019566,0.6742168365660455
1.5390289895567313,-1.5694233496863779,0.13337205379401454
1.5424604923205143,0.08065856606333835,-0.20755203440074863
1.5458919950842975,0.4336279446016035,-0.6905343914517214
1.5493234978480805,0.5917357607931353,1.5211525390874598
1.5527550006118638,-1.059677751759956,-0.683539446223635
1.5561865033756468,-0.9065345196071519,0.8700283507418525
1.55961800613943,1.1046531975445442,0.802876851607363
1.563049508903213,0.6012656265048155,0.1302293057066814
1.5664810116669963,0.19758593465493993,-0.16384959461770793
1.5699125144307793,-1.161212201890331,1.0793907725195138
1.5733440171945625,0.19645200046500239,-0.6941147332531259
1.5767755199583455,1.495400867301643,0.818496902485884
1.5802070227221288,-1.582648460511488,0.35510002476634633
1.5836385254859118,-1.0843419292722043,-0.38094559083833396
1.587070028249695,1.4154477139588086,1.150468391530627
1.590501531013478,-0.7292199869010079,0.5828389137947065
1.5939330337772613,1.2714891276043698,-1.3616552597280636
1.5973645365410443,-1.399202370336855,-0.8941602360216807
1.6007960393048275,0.07495365375308906,-0.14547779485335985
1.6042275420686105,-1.6164423920703008,1.0976405622193828
1.6076590448323937,0.8539778437974411,-0.2875864024535058
1.6110905475961768,0.16555761216973838,-1.3719285484090233
1.61452205035996,-1.5842274335150306,-0.7972959407961028
1.617953553123743,0.11140707732129453,1.4742160146519632
1.6213850558875262,0.35578848273837355,0.9563254580159521
1.6248165586513093,-0.2937681789239129,0.22553218202324724
1.6282480614150925,-1.1587998169972833,0.26301973997261224
1.6316795641788755,-1.2226512162349417,0.1347940103959779
1.6351110669426587,-1.1067128991674222,-0.9018520667674067
1.6385425697064417,0.12758669481624121,0.29048167681889014
1.641974072470225,0.46281219767761206,-1.5953929337521364
1.645405575234008,-0.38568348602597513,-1.3914838318507703
1.6488370779977912,1.026546096463364,-0.722276535014774
1.6522685807615742,-1.1889034267509138,1.1023393180485925
1.6557000835253575,1.0374568680881087,-0.47959716117119583
1.6591315862891405,-0.8333157132848987,-0.7872744862416494
1.6625630890529237,-0.20673167072022494,0.7911443516908038
1.6659945918167067,1.4625563788031428,0.5544797989728291
1.66942609458049,0.5176227008086856,-0.4986080649216109
1.672857597344273,1.314421252340567,-0.5344099492035006
1.6762891001080562,0.4070494031734197,-0.8211487521488635
1.6797206028718392,-0.45650799683485443,-1.2495894254617523
1.6831521056356225,1.024123438406146,-0.6522630682012872
1.6865836083994055,-0.4443061644798535,-1.5004379430954748
1.6900151111631887,-0.39385236706833865,1.3000727580176612
1.6934466139269717,0.12310673905477629,-0.6352821791627091
1.696878116690755,0.8628922185319045,-1.3994321763265338
1.700309619454538,2.599927470758552,4.796551077816801
1.7037411222183212,3.0544764540595044,3.9922585235215444
1.7071726249821044,2.437494864595539,2.075375446792927
1.7106041277458874,2.9043491136965227,4.1598856947084615
1.7140356305096707,4.464838992482453,3.379739492278734
1.7174671332734537,3.3344146892367754,1.9688753412161712
1.720898636037237,2.5566541366194966,4.45850220015517
1.72433013880102,2.0057072978198276,3.8937488491733396
1.7277616415648032,1.9981434264545659,2.0615802610130127
1.7311931443285862,1.9475898017507325,4.253622385018524
